OCO URL,OCO cleaned,PCSA URL,PCSA cleaned
https://www.onlinecasinosonline.co.za/21-prive-casino-review.html,21-prive,https://www.playcasino.co.za/21-prive-casino-review.html,21-prive
https://www.onlinecasinosonline.co.za/7spins-casino-review.html,7spins,https://www.playcasino.co.za/7spins-casino-review.html,7spins
https://www.onlinecasinosonline.co.za/african-grand-casino-review.html,african-grand,https://www.playcasino.co.za/african-grand-casino-review.html,african-grand
https://www.onlinecasinosonline.co.za/africasino-review.html,africasino,https://www.playcasino.co.za/africasino-review.html,africasino
https://www.onlinecasinosonline.co.za/apollo-slots-review.html,apollo-slots,#N/A,#N/A
https://www.onlinecasinosonline.co.za/bet365-casino-review.html,bet365,https://www.playcasino.co.za/bet365-casino-review.html,bet365
https://www.onlinecasinosonline.co.za/bitcasino-review.html,bitcasino,https://www.playcasino.co.za/bitcasino-review.html,bitcasino
https://www.onlinecasinosonline.co.za/black-diamond-casino-review.html,black-diamond,https://www.playcasino.co.za/black-diamond-casino-review.html,black-diamond
https://www.onlinecasinosonline.co.za/box24-casino-review.html,box24,https://www.playcasino.co.za/box-24-casino-review.html,box-24
https://www.onlinecasinosonline.co.za/casinocom-review.html,casinocom,https://www.playcasino.co.za/casino.com-review.html,casino.com
https://www.onlinecasinosonline.co.za/casino-cruise-review.html,casino-cruise,https://www.playcasino.co.za/casino-cruise-review.html,casino-cruise
https://www.onlinecasinosonline.co.za/casino-gods-review.html,casino-gods,https://www.playcasino.co.za/casino-gods-review.html,casino-gods
https://www.onlinecasinosonline.co.za/casino-joy-review.html,casino-joy,https://www.playcasino.co.za/casino-joy-review.html,casino-joy
https://www.onlinecasinosonline.co.za/casino-luck-review.html,casino-luck,https://www.playcasino.co.za/casino-luck-review.html,casino-luck
https://www.onlinecasinosonline.co.za/casino-midas-review.html,casino-midas,https://www.playcasino.co.za/casino-midas-review.html,casino-midas
https://www.onlinecasinosonline.co.za/casino-planet-review.html,casino-planet,https://www.playcasino.co.za/casino-planet-review.html,casino-planet
https://www.onlinecasinosonline.co.za/casino-tropez-review.html,casino-tropez,https://www.playcasino.co.za/casino-tropez-review.html,casino-tropez
https://www.onlinecasinosonline.co.za/club-777-casino-review.html,club-777,#N/A,#N/A
https://www.onlinecasinosonline.co.za/cocoa-casino-review.html,cocoa,https://www.playcasino.co.za/cocoa-casino-review.html,cocoa
https://www.onlinecasinosonline.co.za/davincis-gold-casino-review.html,davincis-gold,https://www.playcasino.co.za/davincis-gold-casino-review.html,davincis-gold
https://www.onlinecasinosonline.co.za/desert-nights-casino-review.html,desert-nights,https://www.playcasino.co.za/desert-nights-casino-review.html,desert-nights
https://www.onlinecasinosonline.co.za/dream-jackpot-casino-review.html,dream-jackpot,#N/A,#N/A
https://www.onlinecasinosonline.co.za/eu-casino-review.html,eu,https://www.playcasino.co.za/eu-casino-review.html,eu
https://www.onlinecasinosonline.co.za/europa-casino-review.html,europa,https://www.playcasino.co.za/europa-casino-review.html,europa
https://www.onlinecasinosonline.co.za/fly-casino-review.html,fly,https://www.playcasino.co.za/fly-casino-review.html,fly
https://www.onlinecasinosonline.co.za/fun-casino-review.html,fun,https://www.playcasino.co.za/fun-casino-review.html,fun
https://www.onlinecasinosonline.co.za/gday-casino-review.html,gday,https://www.playcasino.co.za/gday-casino-review.html,gday
https://www.onlinecasinosonline.co.za/genesis-casino-review.html,genesis,https://www.playcasino.co.za/genesis-casino-review.html,genesis
https://www.onlinecasinosonline.co.za/hello-casino-review.html,hello,#N/A,#N/A
https://www.onlinecasinosonline.co.za/jack-million-casino-review.html,jack-million,https://www.playcasino.co.za/jack-million-casino-review.html,jack-million
https://www.onlinecasinosonline.co.za/jackpot-cash-casino-review.html,jackpot-cash,https://www.playcasino.co.za/jackpot-cash-casino-review.html,jackpot-cash
https://www.onlinecasinosonline.co.za/jackpot-com-review.html,jackpot-com,https://www.playcasino.co.za/jackpot-com-review.html,jackpot-com
https://www.onlinecasinosonline.co.za/lucky-days-casino-review.html,lucky-days,https://www.playcasino.co.za/lucky-days-casino-review.html,lucky-days
https://www.onlinecasinosonline.co.za/magic-red-casino-review.html,magic-red,https://www.playcasino.co.za/magic-red-casino-review.html,magic-red
https://www.onlinecasinosonline.co.za/majestic-slots-casino-review.html,majestic-slots,https://www.playcasino.co.za/majestic-slots-casino-review.html,majestic-slots
https://www.onlinecasinosonline.co.za/mansion-casino-review.html,mansion,https://www.playcasino.co.za/mansion-casino-review.html,mansion
https://www.onlinecasinosonline.co.za/mega-casino-review.html,mega,https://www.playcasino.co.za/mega-casino-review.html,mega
https://www.onlinecasinosonline.co.za/mrplay-casino-review.html,mrplay,https://www.playcasino.co.za/mrplay-casino-review.html,mrplay
https://www.onlinecasinosonline.co.za/next-casino-review.html,next,https://www.playcasino.co.za/next-casino-review.html,next
https://www.onlinecasinosonline.co.za/omni-casino-review.html,omni,https://www.playcasino.co.za/omni-casino-review.html,omni
https://www.onlinecasinosonline.co.za/paradise-8-casino-review.html,paradise-8,#N/A,#N/A
https://www.onlinecasinosonline.co.za/play-ojo-casino-review.html,play-ojo,https://www.playcasino.co.za/playojo-casino-review.html,playojo
https://www.onlinecasinosonline.co.za/punt-casino-review.html,punt,https://www.playcasino.co.za/punt-casino-review.html,punt
https://www.onlinecasinosonline.co.za/queen-vegas-casino-review.html,queen-vegas,https://www.playcasino.co.za/queen-vegas-casino-review.html,queen-vegas
https://www.onlinecasinosonline.co.za/rich-casino-review.html,rich,https://www.playcasino.co.za/rich-casino-review.html,rich
https://www.onlinecasinosonline.co.za/silver-sands-casino-review.html,silver-sands,https://www.playcasino.co.za/silver-sands-casino-review.html,silver-sands
https://www.onlinecasinosonline.co.za/simba-games-review.html,simba-games,https://www.playcasino.co.za/simba-games-review.html,simba-games
https://www.onlinecasinosonline.co.za/slots-capital-casino-review.html,slots-capital,https://www.playcasino.co.za/slots-capital-casino-review.html,slots-capital
https://www.onlinecasinosonline.co.za/slots-garden-casino-review.html,slots-garden,https://www.playcasino.co.za/slots-garden-casino-review.html,slots-garden
https://www.onlinecasinosonline.co.za/slots-hall-casino-review.html,slots-hall,https://www.playcasino.co.za/slots-hall-casino-review.html,slots-hall
https://www.onlinecasinosonline.co.za/slots-heaven-casino-review.html,slots-heaven,https://www.playcasino.co.za/slots-heaven-casino-review.html,slots-heaven
https://www.onlinecasinosonline.co.za/sloty-casino-review.html,sloty,https://www.playcasino.co.za/sloty-casino-review.html,sloty
https://www.onlinecasinosonline.co.za/spartan-slots-casino-review.html,spartan-slots,https://www.playcasino.co.za/spartan-slots-casino-review.html,spartan-slots
https://www.onlinecasinosonline.co.za/spinit-casino-review.html,spinit,https://www.playcasino.co.za/spinit-casino-review.html,spinit
https://www.onlinecasinosonline.co.za/springbok-casino-review.html,springbok,https://www.playcasino.co.za/springbok-casino-review.html,springbok
https://www.onlinecasinosonline.co.za/superior-casino-review.html,superior,https://www.playcasino.co.za/superior-casino-review.html,superior
https://www.onlinecasinosonline.co.za/tangiers-casino-review.html,tangiers,https://www.playcasino.co.za/tangiers-casino-review.html,tangiers
https://www.onlinecasinosonline.co.za/this-is-vegas-casino-review.html,this-is-vegas,https://www.playcasino.co.za/this-is-vegas-casino-review.html,this-is-vegas
https://www.onlinecasinosonline.co.za/thunderbolt-casino-review.html,thunderbolt,https://www.playcasino.co.za/thunderbolt-casino-review.html,thunderbolt
https://www.onlinecasinosonline.co.za/titan-casino-review.html,titan,https://www.playcasino.co.za/titan-casino-review.html,titan
https://www.onlinecasinosonline.co.za/vegascasino-review.html,vegascasino,#N/A,#N/A
https://www.onlinecasinosonline.co.za/vegas-hero-casino-review.html,vegas-hero,https://www.playcasino.co.za/vegas-hero-casino-review.html,vegas-hero
https://www.onlinecasinosonline.co.za/vegas-red-casino-review.html,vegas-red,https://www.playcasino.co.za/vegas-red-casino-review.html,vegas-red
https://www.onlinecasinosonline.co.za/volcanic-slots-casino-review.html,volcanic-slots,https://www.playcasino.co.za/volcanic-slots-casino-review.html,volcanic-slots
https://www.onlinecasinosonline.co.za/white-lotus-casino-review.html,white-lotus,https://www.playcasino.co.za/white-lotus-casino-review.html,white-lotus
https://www.onlinecasinosonline.co.za/winnerama-casino-review.html,winnerama,https://www.playcasino.co.za/winnerama-casino-review.html,winnerama
https://www.onlinecasinosonline.co.za/winner-casino-review.html,winner,https://www.playcasino.co.za/winner-casino-review.html,winner
https://www.onlinecasinosonline.co.za/casino-las-vegas-review.html,casino-las-vegas,https://www.playcasino.co.za/casino-las-vegas-review.html,casino-las-vegas
https://www.onlinecasinosonline.co.za/24vip-casino-review.html,24vip,https://www.playcasino.co.za/24vip-casino-review.html,24vip
https://www.onlinecasinosonline.co.za/yako-casino-review.html,yako,https://www.playcasino.co.za/yako-casino-review.html,yako
https://www.onlinecasinosonline.co.za/yebo-casino-review.html,yebo,https://www.playcasino.co.za/yebo-casino-review.html,yebo
https://www.onlinecasinosonline.co.za/yeti-casino-review.html,yeti,https://www.playcasino.co.za/yeti-casino-review.html,yeti
https://www.onlinecasinosonline.co.za/zar-casino-review.html,zar,https://www.playcasino.co.za/zar-casino-review.html,zar
https://www.onlinecasinosonline.co.za/betway-review.html,betway,https://www.playcasino.co.za/betway-review.html,betway
https://www.onlinecasinosonline.co.za/sporting-bet-review.html,sporting-bet,https://www.playcasino.co.za/sporting-bet-review.html,sporting-bet
https://www.onlinecasinosonline.co.za/winner-sports-review.html,winner-sports,https://www.playcasino.co.za/winner-sports-review.html,winner-sports
https://www.onlinecasinosonline.co.za/intertops-sports-review.html,intertops-sports,https://www.playcasino.co.za/intertops-sports-review.html,intertops-sports
https://www.onlinecasinosonline.co.za/bet-365-review.html,bet-365,https://www.playcasino.co.za/bet365-casino-review.html,bet365
https://www.onlinecasinosonline.co.za/bingo-3x-review.html,bingo-3x,#N/A,#N/A
https://www.onlinecasinosonline.co.za/foxy-bingo-review.html,foxy-bingo,https://www.playcasino.co.za/foxy-bingo-review.html,foxy-bingo
https://www.onlinecasinosonline.co.za/ruby-bingo-review.html,ruby-bingo,https://www.playcasino.co.za/ruby-bingo-review.html,ruby-bingo
https://www.onlinecasinosonline.co.za/sparkling-bingo-review.html,sparkling-bingo,https://www.playcasino.co.za/sparkling-bingo-review.html,sparkling-bingo
https://www.onlinecasinosonline.co.za/giant-lottos-review.html,giant-lottos,https://www.playcasino.co.za/giant-lottos-review.html,giant-lottos
https://www.onlinecasinosonline.co.za/lottery-master-review.html,lottery-master,https://www.playcasino.co.za/lottery-master-review.html,lottery-master
https://www.onlinecasinosonline.co.za/lottosend-review.html,lottosend,https://www.playcasino.co.za/lottosend-review.html,lottosend
https://www.onlinecasinosonline.co.za/the-lotter-review.html,the-lotter,https://www.playcasino.co.za/the-lotter-review.html,the-lotter
https://www.onlinecasinosonline.co.za/william-hill-poker-review.html,william-hill-poker,https://www.playcasino.co.za/william-hill-poker-review.html,william-hill-poker
https://www.onlinecasinosonline.co.za/winner-poker-review.html,winner-poker,https://www.playcasino.co.za/winner-poker-review.html,winner-poker