21-prive-casino,https://www.onlinecasinosonline.co.za/21-prive-casino-review,/goto/21-prive-casino.html,http://welcome.fullcreamaffiliates.com/afs/come.php?id=1284&cid=1240&ctgid=1010&atype=1
7spins-casino,https://www.onlinecasinosonline.co.za/7spins-casino-review,/goto/7spins-casino.html,https://www.bfflnk.com/?b=48&s=50015310&aff_sub2=onlinecasinosouthafrica
african-grand-casino,https://www.onlinecasinosonline.co.za/african-grand-casino-review,/goto/african-grand-casino.html,https://record.graphiteaffiliates.com/_dK1WVuQMz6RBU62XToljfWNd7ZgqdRLk/3/
africasino,https://www.onlinecasinosonline.co.za/africasino-review,/goto/africasino.html,https://go.rocksolidaffiliates.com/visit/?bta=35147&nci=8186&utm_campaign=oco
apollo-slots,https://www.onlinecasinosonline.co.za/apollo-slots-review,/goto/apollo-slots.html,http://download.apolloslots.com/affiliate/remote/aiddownload.asp?casinoID=732&gAID=74608&subGid=202&bannerID=0
bit-casino,https://www.onlinecasinosonline.co.za/bitcasino-review,/goto/bit-casino.html,https://bitcasino.io?ref=onlinecasinosonline
black-diamond-casino,https://www.onlinecasinosonline.co.za/black-diamond-casino-review,/goto/black-diamond-casino.html,https://link.totalaffiliates.com/c/445325
box-24-casino,https://www.onlinecasinosonline.co.za/box24-casino-review,/goto/box-24-casino.html,https://link.totalaffiliates.com/c/100661
casino.com,https://www.onlinecasinosonline.co.za/casinocom-review,/goto/casino.com.html,https://record.mansionaffiliates.com/_MT_3BqKFpuemkc_YHMcGNGNd7ZgqdRLk/21/
casino-cruise,https://www.onlinecasinosonline.co.za/casino-cruise-review,/goto/casino-cruise.html,https://CasinoCruise.tracking-genesisaffiliates.com/redirect.aspx?pid=157066&bid=4334
casino-gods,https://www.onlinecasinosonline.co.za/casino-gods-review,/goto/casino-gods.html,https://casinogods.tracking-genesisaffiliates.com/redirect.aspx?pid=157066&bid=6493
casino-joy,https://www.onlinecasinosonline.co.za/casino-joy-review,/goto/casino-joy.html,https://CasinoJoy.tracking-genesisaffiliates.com/redirect.aspx?pid=157066&bid=4893
casino-joy,https://www.onlinecasinosonline.co.za/casino-joy-review,/goto/casino-joy.html,https://CasinoJoy.tracking-genesisaffiliates.com/redirect.aspx?pid=157066&bid=4893
casino-luck,https://www.onlinecasinosonline.co.za/casino-luck-review,/goto/casino-luck.html,http://wlnextcasinoluck.adsrv.eacdn.com/C.ashx?btag=a_14186b_4221c_&affid=17756&siteid=14186&adid=4221&c=
casino-midas,https://www.onlinecasinosonline.co.za/casino-midas-review,/goto/casino-midas.html,https://record.affilistars.com/_FnW6BCPWUNY2GvVOzSf8e2Nd7ZgqdRLk/12/
casino-planet,https://www.onlinecasinosonline.co.za/casino-planet-review,/goto/casino-planet.html,https://casinoplanet.tracking-genesisaffiliates.com/redirect.aspx?pid=157056&bid=8115
casino-tropez,https://www.onlinecasinosonline.co.za/casino-tropez-review,/goto/casino-tropez.html,https://record.eshkol.com/_M7B3gwiou7tMrB6sCpr7HWNd7ZgqdRLk/11/
cocoa-casino,https://www.onlinecasinosonline.co.za/cocoa-casino-review,/goto/cocoa-casino.html,http://affimages.net/c/84621
davincis-gold-casino,https://www.onlinecasinosonline.co.za/davincis-gold-casino-review,/goto/davincis-gold-casino.html,http://affimages.net/c/84626
desert-nights-casino,https://www.onlinecasinosonline.co.za/desert-nights-casino-review,/goto/desert-nights-casino.html,https://link.totalaffiliates.com/c/446595
dream-jackpot-casino,https://www.onlinecasinosonline.co.za/dream-jackpot-casino-review,/goto/dream-jackpot-casino.html,http://download.springbokcasino.co.za/affiliate/remote/aiddownload.asp?casinoID=561&gAID=41321&subGid=301&bannerID=17247
eu-casino,https://www.onlinecasinosonline.co.za/eu-casino-review,/goto/eu-casino.html,http://site.gotoeucasino.com/index.cgi?aname=playcasino1&zone_id=lp
europa-casino,https://www.onlinecasinosonline.co.za/europa-casino-review,/goto/europa-casino.html,https://record.eshkol.com/_M7B3gwiou7u8mWKN8Rw9ZWNd7ZgqdRLk/11/
fly-casino,https://www.onlinecasinosonline.co.za/fly-casino-review,/goto/fly-casino.html,https://record.eshkol.com/_M7B3gwiou7u8mWKN8Rw9ZWNd7ZgqdRLk/11/
fun-casino,https://www.onlinecasinosonline.co.za/fun-casino-review,/goto/fun-casino.html,http://www.funcasinoaffiliates.com/redirector?url=https://www.funcasino.com/en/lp-www-10fs&userid=1165&tracker=66936
gday-casino,https://www.onlinecasinosonline.co.za/gday-casino-review,/goto/gday-casino.html,http://welcome.fullcreamaffiliates.com/afs/come.php?id=209&cid=1319&ctgid=1001&atype=1
genesis-casino,https://www.onlinecasinosonline.co.za/genesis-casino-review,/goto/genesis-casino.html,https://GenesisCasino.tracking-genesisaffiliates.com/redirect.aspx?pid=157066&bid=4375
hello-casino,https://www.onlinecasinosonline.co.za/hello-casino-review,/goto/hello-casino.html,http://welcome.hcaffiliates.com/afs/come.php?id=3361&cid=6946&ctgid=1010&atype=1
jack-million-casino,https://www.onlinecasinosonline.co.za/jack-million-casino-review,/goto/jack-million-casino.html,https://record.affilistars.com/_FnW6BCPWUNas8h-TH8qbo2Nd7ZgqdRLk/6/?payload=jmnew
jackpot-cash-casino,https://www.onlinecasinosonline.co.za/jackpot-cash-casino-review,/goto/jackpot-cash-casino.html,http://download.jackpotcash.com/affiliates/aiddownload.asp?casinoID=183&gAID=30643&subGid=201&bannerID=0
jackpot.com,https://www.onlinecasinosonline.co.za/jackpot-com-review,/goto/jackpot.com.html,http://traffic.mylotto.com?t=40702&b=3&l=1&p=1
lucky-days-casino,https://www.onlinecasinosonline.co.za/lucky-days-casino-review,/goto/lucky-days-casino.html,https://media.luckydaysaffiliates.com/redirect.aspx?pid=5049&bid=1476
magic-red-casino,https://www.onlinecasinosonline.co.za/magic-red-casino-review,/goto/magic-red-casino.html,https://record.eshkol.com/_M7B3gwiou7sxoCT0MZ3VnmNd7ZgqdRLk/11/
magic-red-casino,https://www.onlinecasinosonline.co.za/magic-red-casino-review,/goto/magic-red-casino.html,https://record.eshkol.com/_M7B3gwiou7sxoCT0MZ3VnmNd7ZgqdRLk/11/
majestic-slots,https://www.onlinecasinosonline.co.za/majestic-slots-casino-review,/goto/majestic-slots.html,https://record.yebostars.com/__RtOXK2MIknUOsjNOfgKeWNd7ZgqdRLk/3/
mansion-casino,https://www.onlinecasinosonline.co.za/mansion-casino-review,/goto/mansion-casino.html,https://record.mansionaffiliates.com/_MT_3BqKFpud0TgpRsP6bfmNd7ZgqdRLk/21/
mega-casino,https://www.onlinecasinosonline.co.za/mega-casino-review,/goto/mega-casino.html,http://www.megacasino.com/?aff=10034062&prc=68891_0&subid=onlinecasinosonline
mrplay-casino,https://www.onlinecasinosonline.co.za/mrplay-casino-review,/goto/mrplay-casino.html,http://online.mrplaypartners.com/promoRedirect?key=ej0xNTE0MzY0MyZsPTE1MTQzNjAyJnA9MzA4ODc%3D
next-casino,https://www.onlinecasinosonline.co.za/next-casino-review,/goto/next-casino.html,http://wlnextcasinoluck.adsrv.eacdn.com/C.ashx?btag=a_14185b_4222c_&affid=17756&siteid=14185&adid=4222&c=
omni-casino,https://www.onlinecasinosonline.co.za/omni-casino-review,/goto/omni-casino.html,https://record.eshkol.com/_M7B3gwiou7u8mWKN8Rw9ZWNd7ZgqdRLk/11/
paradise8-casino,https://www.onlinecasinosonline.co.za/paradise-8-casino-review,/goto/paradise8-casino.html,http://affimages.net/c/84620
play-ojo-casino,https://www.onlinecasinosonline.co.za/play-ojo-casino-review,/goto/play-ojo-casino.html,http://site.gotoplayojo.com/index.php?aname=playcasino1&zone_id=OCO
punt-casino,https://www.onlinecasinosonline.co.za/punt-casino-review,/goto/punt-casino.html,https://record.yebostars.com/_Qx4OoYyQXzVZSuvhn4yj1mNd7ZgqdRLk/3/
queen-vegas-casino,https://www.onlinecasinosonline.co.za/queen-vegas-casino-review,/goto/queen-vegas-casino.html,http://site.gotoqueenvegas.com/index.cgi?aname=playcasino&zone_id=1081
rich-casino,https://www.onlinecasinosonline.co.za/rich-casino-review,/goto/rich-casino.html,"https://www.bfflnk.com/?b=45&s=20024969&aff_sub2=onlinecasinosouthafrica
"
rich-casino,https://www.onlinecasinosonline.co.za/rich-casino-review,/goto/rich-casino.html,"https://www.bfflnk.com/?b=45&s=20024969&aff_sub2=onlinecasinosouthafrica
"
silver-sands-casino,https://www.onlinecasinosonline.co.za/silver-sands-casino-review,/goto/silver-sands-casino.html,http://download.silversandscasino.com/affiliate/remote/aiddownload.asp?casinoID=80&gAID=30643&subGid=201&bannerID=0
simba-games,https://www.onlinecasinosonline.co.za/simba-games-review,/goto/simba-games.html,https://record.eshkol.com/_M7B3gwiou7u8mWKN8Rw9ZWNd7ZgqdRLk/21/
slots-capital,https://www.onlinecasinosonline.co.za/slots-capital-casino-review,/goto/slots-capital.html,https://link.totalaffiliates.com/c/81893
slots-garden-casino,https://www.onlinecasinosonline.co.za/slots-garden-casino-review,/goto/slots-garden-casino.html,https://record.yebostars.com/_Qx4OoYyQXzVZSuvhn4yj1mNd7ZgqdRLk/3/
slots-hall-casino,https://www.onlinecasinosonline.co.za/slots-hall-casino-review,/goto/slots-hall-casino.html,http://go.fuseaffs.com/visit/?bta=35066&nci=5350&utm_campaign=oco
slots-hall-casino,https://www.onlinecasinosonline.co.za/slots-hall-casino-review,/goto/slots-hall-casino.html,http://go.fuseaffs.com/visit/?bta=35066&nci=5350&utm_campaign=oco
slots-heaven-casino,https://www.onlinecasinosonline.co.za/slots-heaven-casino-review,/goto/slots-heaven-casino.html,https://record.mansionaffiliates.com/_MT_3BqKFpuc-sSWNz4OcAmNd7ZgqdRLk/21/
sloty-casino,https://www.onlinecasinosonline.co.za/sloty-casino-review,/goto/sloty-casino.html,https://Sloty.tracking-genesisaffiliates.com/redirect.aspx?pid=157066&bid=4374
spartan-slots-casino,https://www.onlinecasinosonline.co.za/spartan-slots-casino-review,/goto/spartan-slots-casino.html,https://deckaffiliates.com/c/430899
spinit-casino,https://www.onlinecasinosonline.co.za/spinit-casino-review,/goto/spinit-casino.html,https://SpinIt.tracking-genesisaffiliates.com/redirect.aspx?pid=157066&bid=4076
springbok-casino,https://www.onlinecasinosonline.co.za/springbok-casino-review,/goto/springbok-casino.html,http://download.springbokcasino.co.za/affiliate/remote/aiddownload.asp?casinoID=561&gAID=41321&subGid=201&bannerID=17247
springbok-casino,https://www.onlinecasinosonline.co.za/springbok-casino-review,/goto/springbok-casino.html,http://download.springbokcasino.co.za/affiliate/remote/aiddownload.asp?casinoID=561&gAID=41321&subGid=201&bannerID=17247
superior-casino,https://www.onlinecasinosonline.co.za/superior-casino-review,/goto/superior-casino.html,https://record.eshkol.com/_M7B3gwiou7u8mWKN8Rw9ZWNd7ZgqdRLk/21/
tangiers-casino,https://www.onlinecasinosonline.co.za/tangiers-casino-review,/goto/tangiers-casino.html,https://www.pbxhit.com/?b=1&s=401429&aff_sub2=onlinecasinosouthafrica
this-is-vegas-casino,https://www.onlinecasinosonline.co.za/this-is-vegas-casino-review,/goto/this-is-vegas-casino.html,http://affimages.net/c/84619
this-is-vegas-casino,https://www.onlinecasinosonline.co.za/this-is-vegas-casino-review,/goto/this-is-vegas-casino.html,http://affimages.net/c/84619
thunderbolt-casino,https://www.onlinecasinosonline.co.za/thunderbolt-casino-review,/goto/thunderbolt-casino.html,http://download.thunderboltcasino.com/Affiliate/remote/AidDownload.asp?casinoID=612&gAID=41321&subGid=201&bannerID=17255
thunderbolt-casino,https://www.onlinecasinosonline.co.za/thunderbolt-casino-review,/goto/thunderbolt-casino.html,http://download.thunderboltcasino.com/Affiliate/remote/AidDownload.asp?casinoID=612&gAID=41321&subGid=201&bannerID=17255
/..vegas-casino,https://www.onlinecasinosonline.co.za/vegascasino-review,/../goto/vegas-casino.html,
vegas-hero-casino,https://www.onlinecasinosonline.co.za/vegas-hero-casino-review,/goto/vegas-hero-casino.html,https://VegasHero.tracking-genesisaffiliates.com/redirect.aspx?pid=157066&bid=4080
volcanic-slots,https://www.onlinecasinosonline.co.za/volcanic-slots-casino-review,/goto/volcanic-slots.html,https://ad.volcanicslots.com/click/A7HZ9ZRGJERAEAL
white-lotus-casino,https://www.onlinecasinosonline.co.za/white-lotus-casino-review,/goto/white-lotus-casino.html,http://download.whitelotuscasino.com/affiliate/remote/aiddownload.asp?casinoID=743&gAID=74609&subGid=202&bannerID=0
winnerama-casino,https://www.onlinecasinosonline.co.za/winnerama-casino-review,/goto/winnerama-casino.html,https://www.pbxhit.com/?b=3&s=301475&aff_sub2=OCO
winner-casino,https://www.onlinecasinosonline.co.za/winner-casino-review,/goto/winner-casino.html,https://record.eshkol.com/_M7B3gwiou7t_qrCCt62aAWNd7ZgqdRLk/11/
yako-casino,https://www.onlinecasinosonline.co.za/yako-casino-review,/goto/yako-casino.html,http://yakocasinoaffiliates.com/redirector?url=https://www.yakocasino.com/en/lp-new-sub&userid=655045&tracker=107707
yebo-casino,https://www.onlinecasinosonline.co.za/yebo-casino-review,/goto/yebo-casino.html,https://record.yebostars.com/__RtOXK2MIkn6lJYWmxbtZGNd7ZgqdRLk/3/
yeti-casino,https://www.onlinecasinosonline.co.za/yeti-casino-review,/goto/yeti-casino.html,http://www.yetiaffiliates.com/redirector?url=https://www.yeticasino.com/en/landingsafullpcza&userid=157&tracker=431484
zar-casino,https://www.onlinecasinosonline.co.za/zar-casino-review,/goto/zar-casino.html,https://record.graphiteaffiliates.com/_dK1WVuQMz6S07MR0LB9XAmNd7ZgqdRLk/3/
betway-sports,https://www.onlinecasinosonline.co.za/betway-review,/goto/betway-sports.html,https://www.betway.co.za/reg?btag=P58246-PR22702-CM58272-TS261760
sporting-bet,https://www.onlinecasinosonline.co.za/sporting-bet-review,/goto/sporting-bet.html,https://mediaserver.gvcaffiliates.com/renderBanner.do?zoneId=1929249
winner-sports,https://www.onlinecasinosonline.co.za/winner-sports-review,/goto/winner-sports.html,"https://record.eshkol.com/_M7B3gwiou7t_qrCCt62aAWNd7ZgqdRLk/11/
"
intertops-sports,https://www.onlinecasinosonline.co.za/intertops-sports-review,/goto/intertops-sports.html,https://link.intertops.eu/c/405747
bingo-3x,https://www.onlinecasinosonline.co.za/bingo-3x-review,/goto/bingo-3x.html,http://www.bingo3x.com/main.php?a=11769.0
foxy-bingo,https://www.onlinecasinosonline.co.za/foxy-bingo-review,/goto/foxy-bingo.html,https://www.thelotter.com/lottery-tickets/south-africa-powerball/?tl_affid=8516&tl_campaignid=11111111&chan=OCO
sparkling-bingo,https://www.onlinecasinosonline.co.za/sparkling-bingo-review,/goto/sparkling-bingo.html,https://record.eshkol.com/_M7B3gwiou7u8mWKN8Rw9ZWNd7ZgqdRLk/21/
giant-lottos,https://www.onlinecasinosonline.co.za/giant-lottos-review,/goto/giant-lottos.html,https://www.giantlottos.com/?affid=5510111be4957&bid=d4dc68ed
lottery-master,https://www.onlinecasinosonline.co.za/lottery-master-review,/goto/lottery-master.html,https://www.thelotter.com/lottery-tickets/south-africa-powerball/?tl_affid=8516&tl_campaignid=11111111&chan=OCO
lotto-send,https://www.onlinecasinosonline.co.za/lottosend-review,/goto/lotto-send.html,https://www.thelotter.com/fr/?tl_affid=8516&tl_campaignid=11111111&chan=OCO
the-lotter,https://www.onlinecasinosonline.co.za/the-lotter-review,/goto/the-lotter.html,https://smarturl.it/AllLotteries_Play?IQid=theLotter&tl_affid=8516&ft=5&chan=OCO
winner-poker,https://www.onlinecasinosonline.co.za/winner-poker-review,/goto/winner-poker.html,https://record.eshkol.com/_M7B3gwiou7t_qrCCt62aAWNd7ZgqdRLk/11/
